img_23_1,,0,False,,,,,,,,,23,1
img_23_1,,1,False,,,,,,,,,23,1
img_23_1,,2,False,,,,,,,,,23,1
img_23_1,,3,False,,,,,,,,,23,1
img_23_1,,4,False,,,,,,,,,23,1
img_23_1,,5,False,,,,,,,,,23,1
img_23_1,,6,False,,,,,,,,,23,1
img_23_1,,7,False,,,,,,,,,23,1
img_23_1,,8,False,,,,,,,,,23,1
img_23_1,,9,False,,,,,,,,,23,1
img_23_1,,10,False,,,,,,,,,23,1
img_23_1,,11,False,,,,,,,,,23,1
img_23_1,,12,False,,,,,,,,,23,1
img_23_1,,13,False,,,,,,,,,23,1
img_23_1,,14,False,,,,,,,,,23,1
img_23_1,,15,False,,,,,,,,,23,1
img_23_1,,16,False,,,,,,,,,23,1
img_23_1,,17,False,,,,,,,,,23,1
img_23_1,,18,False,,,,,,,,,23,1
img_23_1,,19,False,,,,,,,,,23,1
img_23_1,,20,False,,,,,,,,,23,1
img_23_1,,21,False,,,,,,,,,23,1
img_23_1,,22,False,,,,,,,,,23,1
img_23_1,,23,False,,,,,,,,,23,1
img_23_1,,24,False,,,,,,,,,23,1
img_23_1,,25,False,,,,,,,,,23,1
img_23_1,,26,False,,,,,,,,,23,1
img_23_1,,27,False,,,,,,,,,23,1
img_23_1,,28,False,,,,,,,,,23,1
img_23_1,,29,False,,,,,,,,,23,1
img_23_1,,30,False,,,,,,,,,23,1
img_23_1,,31,False,,,,,,,,,23,1
img_23_1,,32,False,,,,,,,,,23,1
img_23_1,,33,False,,,,,,,,,23,1
